<?xml version="1.0" encoding="UTF-8" ?>
<!DOCTYPE mapper
  PUBLIC "-//mybatis.org//DTD Mapper 3.0//EN"
  "http://mybatis.org/dtd/mybatis-3-mapper.dtd">

<mapper namespace="Pds">
 
 
 <!-- 내용 보기 -->
    <select id            = "Pds"
            parameterType = "hashmap"
            resultType    = "com.green.pds.vo.PdsVo">
      SELECT
	    *
	 FROM
	    BOARD
     WHERE
        BOARD_IDX   = #{ board_idx }
    </select>
 
 
 
   <!-- 새글 쓰기 -->
    <insert  id="PdsInsert" >
    INSERT INTO BOARD (
	    BOARD_IDX,
	    USER_ID,
	    MENU_IDX,
	    BOARD_TITLE,
	    BOARD_REGDATE,
	    READCOUNT,
	    BNUM,
	    LVL,
	    STEP,
	    NREF,
	    MOIM_IDX,
	    BOARD_CONT
	) VALUES (
	    ( SELECT NVL(MAX(BOARD_IDX),0)+1 FROM BOARD ) ,
	    #{user_id},
	    #{menu_idx},
	    #{board_title},
	     SYSDATE,
	    0,
	    ( SELECT NVL(MAX(BOARD_IDX),0)+1 FROM BOARD  ),
	    0,
	    0,
	    ( SELECT NVL(MAX(BOARD_IDX),0)+1 FROM BOARD ),
	   #{moim_idx},
	   #{board_cont}
	)    
    </insert>
    
    <!-- 해당글(menu_id) 그룹(nref)의 기존 답글의 순서(step)를 +1 증가 -->
    <update id="UpdateRef">
     UPDATE  BOARD
	     SET    STEP = STEP + 1
	     WHERE  MENU_IDX = #{ menu_idx } 
	     AND    NREF     = #{ nref }
	     AND    STEP     > #{ step }
    </update>
    
    <!-- 답글 쓰기 -->
    <insert id="PdsReply">       
    INSERT INTO BOARD (
	    BOARD_IDX,
	    MENU_IDX,
	    BOARD_TITLE,
	    BOARD_CONT,
	    USER_ID,
	    BOARD_REGDATE,
	    READCOUNT,
	    BNUM,
	    LVL,
	    STEP,
	    NREF
	) VALUES (
	    ( SELECT NVL(MAX(BOARD_IDX),0)+1 FROM BOARD ) ,
	    #{menu_idx},
	    #{board_title},
	    #{board_cont},
	    #{user_id},
	    SYSDATE,
	    0,
	    #{ bnum  },
	    #{ lvl   } + 1 ,
	    #{ step  } + 1,
	    #{ nref  } 
	)
    </insert>
    
    <!--  files insert  반복 실행되어야 함 insert all 
        insert all 문안에서는 
          sequence 와 (select max() form files) 가 다 동작하지 않는다, i 도 불가
        GET_FILENUM() - oracle 함수 
    -->
    <insert id="FileInsert" >
      <if test="filesList != null  and filesList != ''">
      <foreach collection="filesList" item="file"
         index="i" open="INSERT ALL" 
         close="SELECT * FROM DUAL" separator=" ">
          INTO FILES VALUES (
             GET_FILENUM(),
			 ( SELECT MAX(BOARD_IDX) FROM BOARD ),
			 #{ file.filename  },
			 #{ file.fileext   },
			 #{ file.sfilename }
          )
      </foreach>      
      </if>
    </insert>
    
   <!-- 목록 조회 -->
   <select  id="PdsList"
   	        parameterType="hashmap"
            resultType="com.green.pds.vo.PdsVo" >
   	  SELECT      BOARD_IDX,         
   	              USER_ID,  
   	  	          MENU_IDX,   	              
   	              BOARD_TITLE,   	              
   	              READCOUNT,
   	              (  SELECT  COUNT(FILE_NUM)
   	                  FROM   FILES  F
   	                  WHERE  B.BOARD_IDX = F.BOARD_IDX 
   	              ) FILESCOUNT,
   	              TO_CHAR(BOARD_REGDATE, 'YYYY-MM-DD HH24:MI:SS' )  BOARD_REGDATE,
   	              BNUM, LVL, STEP, NREF,
   	              MOIM_IDX
   	   FROM       BOARD   B
   	  
       WHERE MENU_IDX = #{menu_idx}
       AND MOIM_IDX = #{moim_idx}
   	     ORDER BY   BOARD_REGDATE DESC
   
   </select>


    <!-- 목록 조회(paging) -->
    <select  id="PdsPagingList"
   	        parameterType="hashmap"
            resultType="com.green.pds.vo.PdsPagingVo" >
   	  SELECT  *
   	   FROM 
   	  ( SELECT  ROW_NUMBER() OVER( ORDER BY   NREF  DESC, STEP ASC) RNUM,
   	              BOARD_IDX,
   	              MENU_IDX,
   	              BOARD_TITLE,
   	              USER_ID,
   	              READCOUNT,
   	              (  SELECT  COUNT(FILE_NUM)
                   FROM   FILES  F
   	                  WHERE  B.BOARD_IDX = F.BOARD_IDX 
   	              ) FILESCOUNT,
   	              TO_CHAR(BOARD_REGDATE, 'YYYY-MM-DD HH24:MI:SS' )  BOARD_REGDATE,
   	              BNUM, LVL, STEP, NREF,
   	              MOIM_IDX
   	   FROM       BOARD   B
   	   WHERE 1=1
   	    AND MENU_IDX = #{menu_idx}
   	    AND MOIM_IDX = #{moim_idx}
   	  ) T   	   
   	   WHERE 
   	      RNUM BETWEEN #{startnum} AND #{endnum}
   	  
   
   </select>
   
   
   <select id="GetPds"
           resultType="com.green.pds.vo.PdsVo">
     SELECT 
          BOARD_IDX, MENU_IDX,
          BOARD_TITLE, BOARD_CONT, USER_ID, READCOUNT, 
          TO_CHAR(BOARD_REGDATE, 'YYYY-MM-DD HH24:MI:SS') BOARD_REGDATE,
          BNUM, LVL, STEP, NREF,
          MOIM_IDX
      FROM   
         BOARD
      WHERE 
         BOARD_IDX = #{board_idx}
   </select>
   
   <select id="GetTotalCount"    parameterType="hashmap"
            resultType="_int" >
     SELECT 
         count(BOARD_IDX) as totalcount
      FROM   
         BOARD
      WHERE 
         MENU_IDX = #{menu_idx}
   AND MOIM_IDX = #{moim_idx}
   </select>
   
   <select id="PdsFileList"
           resultType="com.green.pds.vo.FilesVo">
      SELECT
             FILE_NUM,  BOARD_IDX, FILENAME, FILEEXT, SFILENAME
       FROM        FILES
       WHERE       BOARD_IDX    =  #{ board_idx }
       ORDER BY    FILE_NUM  ASC      
  </select>
  
  <!-- BOARD_IDX 로 Files 테이블 파일 목록 삭제 -->
  <delete  id="DeleteFiles">
     DELETE  FROM   FILES
      WHERE  BOARD_IDX    =  #{ board_idx }  
  </delete>
  
  <!-- BOARD_IDX 로 Board 테이블 글 목록 삭제 -->
  <delete  id="DeletePds">
     DELETE  FROM   BOARD
      WHERE  BOARD_IDX    =  #{ board_idx }   
  </delete>
  
  <!-- BOARD_IDX 로 Board 테이블 글 수정 -->
  <update  id="UpdatePds">
     UPDATE   BOARD
      SET     BOARD_TITLE  = #{ board_title },
              BOARD_CONT   = #{ board_cont }
      WHERE   BOARD_IDX    = #{ board_idx }
  
  
  </update>
  
  <delete id="deleteUploadedFile">
     DELETE   FROM         FILES
      WHERE   FILE_NUM =  ${ file_num }
  </delete>



	<select id="selectImage" resultType="com.green.pds.vo.FilesVo" >
	SELECT F.SFILENAME, B.BOARD_IDX 
	FROM BOARD B ,FILES F
	WHERE 1=1
	AND MOIM_IDX = #{moim_idx}
	AND B.BOARD_IDX = F.BOARD_IDX
   </select>


	<select id="selectBoardIdx" resultType="int" >
  SELECT NVL(MAX(BOARD_IDX),0)+1 FROM BOARD
   </select>

	<insert id="BoardImageUpload">
     INSERT INTO BOARD(
     BOARD_IDX,
     USER_ID,
      MENU_IDX,
      MOIM_IDX,
      BOARD_TITLE,
     BOARD_CONT
	 )VALUES (
	#{board_idx},
    #{user_id},
	3,
	 #{moim_idx},
	   #{board_title},
	 #{board_cont}
  )

	</insert>

	<insert id="FileImageUpload">
     INSERT INTO FILES(
     FILE_NUM,
     BOARD_IDX,
      FILENAME,
      FILEEXT,
      SFILENAME
	 )VALUES (
	 ( SELECT NVL(MAX(FILE_NUM),0)+1 FROM FILES ) ,
     #{board_idx},
	 #{filename},
	  #{fileext},
	 #{sfilename}
  )
	</insert>

<!-- 조회수 증가 -->
	<update id="ReadCountUpdate">
       UPDATE  BOARD
        SET    READCOUNT = READCOUNT + 1     
        WHERE  BOARD_IDX  = #{board_idx}        
    </update>


 	<select id="getCommentsList"
		resultType="com.green.pds.vo.CommentsVo">
		SELECT	USER_ID, REGDATE, CONT, BOARD_IDX
		FROM	COMMENTS
		WHERE	BOARD_IDX = #{board_idx}
		
	</select>
	
	
	<insert id="inputComments" 
		parameterType="HashMap">
		INSERT INTO COMMENTS (USER_ID, CONT, BOARD_IDX)
    	VALUES (#{user_id}, #{comment}, #{board_idx})
    	
	</insert>
		
		
	<select id="getHiBoardList"
		resultType="com.green.pds.vo.PdsVo">
		SELECT	USER_ID, MENU_IDX, MOIM_IDX, BOARD_CONT
		FROM	BOARD
		WHERE	MOIM_IDX = #{moim_idx}
		AND		MENU_IDX = 4
		
	</select>



</mapper>













